keyword,expression,valence,reference,theme
complain,complains,stigmatizing,Beach JGIM 2021,
complain,complaint,stigmatizing,Beach JGIM 2021,
complain,complaining,stigmatizing,Beach JGIM 2021,
deny,denies,stigmatizing,Beach JGIM 2021; Fernandez JGIM (theme disrespect); Himmelstein JAMA 2022,
deny,denied,stigmatizing,Beach JGIM 2021; Fernandez JGIM (theme disrespect); Himmelstein JAMA 2022,
deny,denial,stigmatizing,Beach JGIM 2021; Fernandez JGIM (theme disrespect); Himmelstein JAMA 2022,
deny,in denial,stigmatizing,Beach JGIM 2021; Fernandez JGIM (theme disrespect); Himmelstein JAMA 2022,
adamant,adamant,stigmatizing,Psych Study rules,
adamant,adamantly,stigmatizing,Psych Study rules,
aggressive,aggressive,stigmatizing,Fernandez JGIM 2021 (theme: disrespect); Sun Health Affairs 2022; Himmelstein JAMA 2022; MHE workshop slides,
aggressive,aggression,stigmatizing,Fernandez JGIM 2021 (theme: disrespect); Sun Health Affairs 2022; Himmelstein JAMA 2022; MHE workshop slides,
agitated,agitated,stigmatizing,Fernandez JGIM 2021 (theme: disrespect); Sun Health Affairs 2022; Himmelstein JAMA 2022; MHE workshop slides,
agitated,agitate,stigmatizing,Fernandez JGIM 2021 (theme: disrespect); Sun Health Affairs 2022; Himmelstein JAMA 2022; MHE workshop slides,
angry,angry,stigmatizing,Fernandez JGIM 2021 (theme: disrespect); Sun Health Affairs 2022; Himmelstein JAMA 2022; MHE workshop slides,
anxious,anxious,stigmatizing,Fernandez JGIM 2021 (theme: labeling),
anxious,anxiety,stigmatizing,Fernandez JGIM 2021 (theme: labeling),
apparently,apparently,stigmatizing,Park JAMA 2021,
appears_to_be,appears to be,stigmatizing,Fernandez JGIM 2021 (theme: labeling),
argumentative,argumentative,stigmatizing,Himmelstein JAMA 2022,
believes,believes,stigmatizing,Beach JGIM 2021,
challenging,challenging,stigmatizing,Fernandez JGIM 2021 (theme: disrespect); Sun Health Affairs 2022; Himmelstein JAMA 2022; MHE workshop slides,
claim,claims,stigmatizing,Beach JGIM 2021; Barcelona Obstet Gynecol 2023; Park JAMA 2021,
claim,claiming,stigmatizing,Beach JGIM 2021; Barcelona Obstet Gynecol 2023; Park JAMA 2021,
combative,combative,stigmatizing,Fernandez JGIM 2021 (theme: disrespect); Sun Health Affairs 2022; Himmelstein JAMA 2022; MHE workshop slides,
combative,combat,stigmatizing,Fernandez JGIM 2021 (theme: disrespect); Sun Health Affairs 2022; Himmelstein JAMA 2022; MHE workshop slides,
confront,confront,stigmatizing,Fernandez JGIM 2021 (theme: disrespect); Sun Health Affairs 2022; MHE workshop slides,
confront,confrontation,stigmatizing,Fernandez JGIM 2021 (theme: disrespect); Sun Health Affairs 2022; MHE workshop slides,
confront,confrontational,stigmatizing,Fernandez JGIM 2021 (theme: disrespect); Sun Health Affairs 2022; MHE workshop slides,
defensive,defensive,stigmatizing,Fernandez JGIM 2021 (theme: disrespect); Sun Health Affairs 2022; Himmelstein JAMA 2022; MHE workshop slides,
difficult,difficult,stigmatizing,Himmelstein JAMA 2022,
dirty,dirty,stigmatizing,Fernandez JGIM 2021 (theme: labeling),
exaggerate,exaggerate,stigmatizing,Fernandez JGIM 2021 (theme: disrespect); Sun Health Affairs 2022; MHE workshop slides,
fail,fails,stigmatizing,Himmelstein JAMA 2022,
fail,failed,stigmatizing,Himmelstein JAMA 2022,
fail,failure,stigmatizing,Himmelstein JAMA 2022,
hysterical,hysterical,stigmatizing,Fernandez JGIM 2021 (theme: disrespect); Sun Health Affairs 2022; MHE workshop slides,
insist,insist,stigmatizing,Beach JGIM 2021; Park et al JAMA 2021,
insist,instits,stigmatizing,Beach JGIM 2021; Park et al JAMA 2021,
insist,insisting,stigmatizing,Beach JGIM 2021; Park et al JAMA 2021,
irritable,irritable,stigmatizing,MHE workshop slides,
lazy,lazy,stigmatizing,Fernandez JGIM 2021 (theme: labeling),
adherence,nonadherent,stigmatizing,Fernandez JGIM 2021 (theme: disrespect); Himmelstein JAMA 2022; MHE workshop slides,
adherence,non-adherence,stigmatizing,Fernandez JGIM 2021 (theme: disrespect); Himmelstein JAMA 2022; MHE workshop slides,
adherence,adherent,privileging,Fernandez JGIM 2021,
compliance,noncompliant,stigmatizing,Fernandez JGIM 2021 (theme: disrespect); Himmelstein JAMA 2022; MHE workshop slides,
compliance,noncompliance,stigmatizing,Fernandez JGIM 2021 (theme: disrespect); Himmelstein JAMA 2022; MHE workshop slides,
compliance,poor compliance,stigmatizing,Fernandez JGIM 2021 (theme: disrespect); Himmelstein JAMA 2022; MHE workshop slides,
compliance,compliant,privileging,Fernandez JGIM 2021,
noncooperative,noncooperative,stigmatizing,Fernandez JGIM 2021 (theme: disrespect); Sun Health Affairs 2022; MHE workshop slides,
noncooperative,uncooperative,stigmatizing,Fernandez JGIM 2021 (theme: disrespect); Sun Health Affairs 2022; MHE workshop slides,
refuse,refuse,stigmatizing,Fernandez JGIM 2021 (theme: disrespect); Himmelstein JAMA 2022; MHE workshop slides; Sun Health Affairs 2022;  Barcelona Obstet Gynecol 2023,
refuse,refuses,stigmatizing,Fernandez JGIM 2021 (theme: disrespect); Himmelstein JAMA 2022; MHE workshop slides; Sun Health Affairs 2022;  Barcelona Obstet Gynecol 2023,
refuse,refused,stigmatizing,Fernandez JGIM 2021 (theme: disrespect); Himmelstein JAMA 2022; MHE workshop slides; Sun Health Affairs 2022;  Barcelona Obstet Gynecol 2023,
report,reports,stigmatizing,Beach JGIM 2021,
report,reporting,stigmatizing,Beach JGIM 2021,
report,reportedly,stigmatizing,Beach JGIM 2021,
resist,resist,stigmatizing,Fernandez JGIM 2021 (theme: disrespect); Himmelstein JAMA 2022; MHE workshop slides; ,
resist,resisted,stigmatizing,Fernandez JGIM 2021 (theme: disrespect); Himmelstein JAMA 2022; MHE workshop slides; ,
resist,resistant,stigmatizing,Fernandez JGIM 2021 (theme: disrespect); Himmelstein JAMA 2022; MHE workshop slides; ,
resist,resists,stigmatizing,Fernandez JGIM 2021 (theme: disrespect); Himmelstein JAMA 2022; MHE workshop slides; ,
say,says,stigmatizing,Beach JGIM 2021,
say,saying,stigmatizing,Beach JGIM 2021,
sedentary,sedentary,stigmatizing,Fernandez JGIM 2021 (theme: labeling),
inactive,inactive,stigmatizing,Fernandez JGIM 2021 (theme: labeling),
supposedly,supposedly,stigmatizing,Park JAMA 2021,
tell,tells me,stigmatizing,Beach JGIM 2021,
tell,tells,stigmatizing,Beach JGIM 2021,
tell,told,stigmatizing,Beach JGIM 2021,
tell,telling me,stigmatizing,Beach JGIM 2021,
disciplined,undisciplined,stigmatizing,Fernandez JGIM 2021 (theme: labeling),
disciplined,lacks discipline,stigmatizing,Fernandez JGIM 2021 (theme: labeling),
disciplined,not disciplined,stigmatizing,Fernandez JGIM 2021 (theme: labeling),
disciplined,disciplined,privileging,Barcelona MCHJ 2023,
groomed,ungroomed,stigmatizing,Fernandez JGIM 2021 (theme: labeling),
groomed,not groomed,stigmatizing,Fernandez JGIM 2021 (theme: labeling),
groomed,appriopriately groomed,privileging,Barcelona MCHJ 2023,
informed,uninformed,stigmatizing,Fernandez JGIM 2021 (theme: disrespect),
informed,not informed,stigmatizing,Fernandez JGIM 2021 (theme: disrespect),
informed,informed,privileging,Fernandez JGIM 2021,
unkempt,unkempt,stigmatizing,Fernandez JGIM 2021 (theme: labeling),
motivated,unmotivated,stigmatizing,Fernandez JGIM 2021 (theme: labeling); Himmelstein JAMA 2022,
motivated,motivated,privileging,Barcelona MCHJ 2023,
motivated,not motivated,stigmatizing,Fernandez JGIM 2021 (theme: labeling); Himmelstein JAMA 2022,
motivated,lack motivation,stigmatizing,Fernandez JGIM 2021 (theme: labeling); Himmelstein JAMA 2022,
motivated,no motivation,stigmatizing,Fernandez JGIM 2021 (theme: labeling); Himmelstein JAMA 2022,
pleasant,unpleasant,stigmatizing,Fernandez JGIM 2021 (theme: disrespect),
pleasant,not pleasant,stigmatizing,Fernandez JGIM 2021 (theme: disrespect),
pleasant,pleasant,privileging,Himmelstein JAMA 2022 Supp; Park JAMA 2021; MHE workshop slides,
unreliable,unreliable,stigmatizing,Fernandez JGIM 2021 (theme: disrespect),
skilled,unskilled,stigmatizing,Fernandez JGIM 2021 (theme: disrespect),
skilled,skilled,privileging,Fernandez JGIM 2021,
willing,willing,privileging,Himmelstein JAMA 2022,
willing,unwilling,stigmatizing,Himmelstein JAMA 2022,
quotations,"[“""‘’\']([^“""‘’\']+)[”""‘’\']",stigmatizing,Park JAMA 2021,
engage,engage,privileging,Himmelstein JAMA 2022 Supp; Barcelona MCHJ 2023,
engage,engagement,privileging,Himmelstein JAMA 2022 Supp; Barcelona MCHJ 2023,
engage,engages,privileging,Himmelstein JAMA 2022 Supp; Barcelona MCHJ 2023,
manage,manage,privileging,Himmelstein JAMA 2022 Supp,
manage,managed,privileging,Himmelstein JAMA 2022 Supp,
manage,management,privileging,Himmelstein JAMA 2022 Supp,
manage,manages,privileging,Himmelstein JAMA 2022 Supp,
involved,involved,privileging,Himmelstein JAMA 2022 Supp,
involved,involvement,privileging,Himmelstein JAMA 2022 Supp,
dressed,appropriately dressed,privileging,Barcelona MCHJ 2023,
dressed,well dressed,privileging,Barcelona MCHJ 2023,
happy,happy,privileging,Barcelona MCHJ 2023,
friendly,friendly,privileging,Barcelona MCHJ 2023,
cordial,cordial,privileging,Barcelona MCHJ 2024,
support_system,support_system,privileging,Barcelona MCHJ 2025,
employed,employed,privileging,Barcelona MCHJ 2026,
charming,charming,privileging,Park JAMA 2021,
inspiring,inspiring,privileging,Park JAMA 2021,
kind,kind,privileging,Park JAMA 2021,
good_insight,good_insight,privileging,Park JAMA 2021,
knowledgable,knowledgable,privileging,Park JAMA 2021,
healthy,healthy,privileging,Fernandez JGIM 2021,
active,active,privileging,Fernandez JGIM 2021,
educated,educated,privileging,Fernandez JGIM 2021,